RT,Syllable,Position,Occurrence,Subject,Condition
0.4426,ni,2,1,5ff649fda2b5841ceef90ff0,3
0.355,ni,2,1,5ff649fda2b5841ceef90ff0,3
0.2206,ni,2,1,5ff649fda2b5841ceef90ff0,3
0.4241,ni,2,1,5ff649fda2b5841ceef90ff0,3
0.5358,fu,1,1,5ff649fda2b5841ceef90ff0,3
0.4602,fu,1,1,5ff649fda2b5841ceef90ff0,3
0.4321,fu,1,1,5ff649fda2b5841ceef90ff0,3
0.7771,fu,1,1,5ff649fda2b5841ceef90ff0,3
0.5351,re,3,1,5ff649fda2b5841ceef90ff0,3
0.5988,re,3,1,5ff649fda2b5841ceef90ff0,3
0.4851,re,3,1,5ff649fda2b5841ceef90ff0,3
0.6068,re,3,1,5ff649fda2b5841ceef90ff0,3
0.4536,ti,1,1,5ff649fda2b5841ceef90ff0,3
0.4259,ti,1,1,5ff649fda2b5841ceef90ff0,3
0.3372,ti,1,1,5ff649fda2b5841ceef90ff0,3
0.497,ta,3,1,5ff649fda2b5841ceef90ff0,3
0.629,ta,3,1,5ff649fda2b5841ceef90ff0,3
0.4472,ta,3,1,5ff649fda2b5841ceef90ff0,3
0.5015,su,2,1,5ff649fda2b5841ceef90ff0,3
0.4505,su,2,1,5ff649fda2b5841ceef90ff0,3
0.7848,su,2,1,5ff649fda2b5841ceef90ff0,3
0.4638,su,2,1,5ff649fda2b5841ceef90ff0,3
0.5199,ru,3,1,5ff649fda2b5841ceef90ff0,3
0.6192,ru,3,1,5ff649fda2b5841ceef90ff0,3
0.6674,ru,3,1,5ff649fda2b5841ceef90ff0,3
0.4585,ge,1,1,5ff649fda2b5841ceef90ff0,3
0.5001,ge,1,1,5ff649fda2b5841ceef90ff0,3
0.6504,ge,1,1,5ff649fda2b5841ceef90ff0,3
0.4511,ko,2,1,5ff649fda2b5841ceef90ff0,3
0.5091,ko,2,1,5ff649fda2b5841ceef90ff0,3
0.3998,ko,2,1,5ff649fda2b5841ceef90ff0,3
0.5202,ko,2,1,5ff649fda2b5841ceef90ff0,3
0.5242,pu,1,1,5ff649fda2b5841ceef90ff0,3
0.4844,pu,1,1,5ff649fda2b5841ceef90ff0,3
0.6483,pu,1,1,5ff649fda2b5841ceef90ff0,3
0.3897,pu,1,1,5ff649fda2b5841ceef90ff0,3
0.6851,me,2,1,5ff649fda2b5841ceef90ff0,3
0.4185,me,2,1,5ff649fda2b5841ceef90ff0,3
0.418,me,2,1,5ff649fda2b5841ceef90ff0,3
0.4528,fe,3,1,5ff649fda2b5841ceef90ff0,3
0.3841,fe,3,1,5ff649fda2b5841ceef90ff0,3
0.3525,fe,3,1,5ff649fda2b5841ceef90ff0,3
0.3077,fe,3,1,5ff649fda2b5841ceef90ff0,3
0.6791,fu,1,2,5ff649fda2b5841ceef90ff0,3
0.6495,fu,1,2,5ff649fda2b5841ceef90ff0,3
0.5343,fu,1,2,5ff649fda2b5841ceef90ff0,3
0.3513,fu,1,2,5ff649fda2b5841ceef90ff0,3
0.4335,su,2,2,5ff649fda2b5841ceef90ff0,3
0.357,su,2,2,5ff649fda2b5841ceef90ff0,3
0.719,re,3,2,5ff649fda2b5841ceef90ff0,3
0.4047,re,3,2,5ff649fda2b5841ceef90ff0,3
0.2769,re,3,2,5ff649fda2b5841ceef90ff0,3
0.5834,re,3,2,5ff649fda2b5841ceef90ff0,3
0.5914,ni,2,2,5ff649fda2b5841ceef90ff0,3
0.5087,ni,2,2,5ff649fda2b5841ceef90ff0,3
0.8257,ni,2,2,5ff649fda2b5841ceef90ff0,3
0.3938,fe,3,2,5ff649fda2b5841ceef90ff0,3
0.3178,fe,3,2,5ff649fda2b5841ceef90ff0,3
0.0894,fe,3,2,5ff649fda2b5841ceef90ff0,3
0.1761,fe,3,2,5ff649fda2b5841ceef90ff0,3
0.6218,pu,1,2,5ff649fda2b5841ceef90ff0,3
0.5123,pu,1,2,5ff649fda2b5841ceef90ff0,3
0.6946,pu,1,2,5ff649fda2b5841ceef90ff0,3
0.4676,ta,3,2,5ff649fda2b5841ceef90ff0,3
0.4923,ta,3,2,5ff649fda2b5841ceef90ff0,3
0.4002,ta,3,2,5ff649fda2b5841ceef90ff0,3
0.4144,ta,3,2,5ff649fda2b5841ceef90ff0,3
0.566,ge,1,2,5ff649fda2b5841ceef90ff0,3
0.4704,ge,1,2,5ff649fda2b5841ceef90ff0,3
0.384,ge,1,2,5ff649fda2b5841ceef90ff0,3
0.4834,ge,1,2,5ff649fda2b5841ceef90ff0,3
0.5754,ko,2,2,5ff649fda2b5841ceef90ff0,3
0.6859,ko,2,2,5ff649fda2b5841ceef90ff0,3
0.4575,ko,2,2,5ff649fda2b5841ceef90ff0,3
0.7093,ko,2,2,5ff649fda2b5841ceef90ff0,3
0.3053,ru,3,2,5ff649fda2b5841ceef90ff0,3
0.3991,ru,3,2,5ff649fda2b5841ceef90ff0,3
0.5771,ru,3,2,5ff649fda2b5841ceef90ff0,3
0.4022,ru,3,2,5ff649fda2b5841ceef90ff0,3
0.4186,me,2,2,5ff649fda2b5841ceef90ff0,3
0.4389,ti,1,2,5ff649fda2b5841ceef90ff0,3
0.4813,ti,1,2,5ff649fda2b5841ceef90ff0,3
0.5184,ti,1,2,5ff649fda2b5841ceef90ff0,3
0.3584,re,3,3,5ff649fda2b5841ceef90ff0,3
0.3428,re,3,3,5ff649fda2b5841ceef90ff0,3
0.5195,re,3,3,5ff649fda2b5841ceef90ff0,3
0.436,re,3,3,5ff649fda2b5841ceef90ff0,3
0.4036,su,2,3,5ff649fda2b5841ceef90ff0,3
0.4399,su,2,3,5ff649fda2b5841ceef90ff0,3
0.5691,su,2,3,5ff649fda2b5841ceef90ff0,3
0.8209,su,2,3,5ff649fda2b5841ceef90ff0,3
0.6059,fu,1,3,5ff649fda2b5841ceef90ff0,3
0.7713,fu,1,3,5ff649fda2b5841ceef90ff0,3
0.4749,fu,1,3,5ff649fda2b5841ceef90ff0,3
0.4868,fu,1,3,5ff649fda2b5841ceef90ff0,3
0.428,ni,2,3,5ff649fda2b5841ceef90ff0,3
0.555,ni,2,3,5ff649fda2b5841ceef90ff0,3
0.4231,ni,2,3,5ff649fda2b5841ceef90ff0,3
0.3446,ni,2,3,5ff649fda2b5841ceef90ff0,3
0.8171,ta,3,3,5ff649fda2b5841ceef90ff0,3
0.4821,ta,3,3,5ff649fda2b5841ceef90ff0,3
0.385,ta,3,3,5ff649fda2b5841ceef90ff0,3
0.6112,ti,1,3,5ff649fda2b5841ceef90ff0,3
0.6871,ti,1,3,5ff649fda2b5841ceef90ff0,3
0.5199,ti,1,3,5ff649fda2b5841ceef90ff0,3
0.5358,ti,1,3,5ff649fda2b5841ceef90ff0,3
0.3865,me,2,3,5ff649fda2b5841ceef90ff0,3
0.4061,me,2,3,5ff649fda2b5841ceef90ff0,3
0.4714,me,2,3,5ff649fda2b5841ceef90ff0,3
0.5301,me,2,3,5ff649fda2b5841ceef90ff0,3
0.612,pu,1,3,5ff649fda2b5841ceef90ff0,3
0.4239,pu,1,3,5ff649fda2b5841ceef90ff0,3
0.6741,pu,1,3,5ff649fda2b5841ceef90ff0,3
0.8998,pu,1,3,5ff649fda2b5841ceef90ff0,3
0.5124,fe,3,3,5ff649fda2b5841ceef90ff0,3
0.3455,fe,3,3,5ff649fda2b5841ceef90ff0,3
0.4621,fe,3,3,5ff649fda2b5841ceef90ff0,3
0.8968,ge,1,3,5ff649fda2b5841ceef90ff0,3
0.4706,ge,1,3,5ff649fda2b5841ceef90ff0,3
0.5851,ge,1,3,5ff649fda2b5841ceef90ff0,3
0.3857,ge,1,3,5ff649fda2b5841ceef90ff0,3
0.4273,ru,3,3,5ff649fda2b5841ceef90ff0,3
0.4222,ru,3,3,5ff649fda2b5841ceef90ff0,3
0.4741,ru,3,3,5ff649fda2b5841ceef90ff0,3
0.8081,ru,3,3,5ff649fda2b5841ceef90ff0,3
0.8173,ko,2,3,5ff649fda2b5841ceef90ff0,3
0.7888,ko,2,3,5ff649fda2b5841ceef90ff0,3
0.4374,ko,2,3,5ff649fda2b5841ceef90ff0,3
0.5068,ko,2,3,5ff649fda2b5841ceef90ff0,3
0.1167,pu,2,1,60dc4b08dd9ec36f5ca9e3fa,1
0.3852,pu,2,1,60dc4b08dd9ec36f5ca9e3fa,1
0.3354,pu,2,1,60dc4b08dd9ec36f5ca9e3fa,1
0.3085,ta,1,1,60dc4b08dd9ec36f5ca9e3fa,1
0.456,ta,1,1,60dc4b08dd9ec36f5ca9e3fa,1
0.4047,ta,1,1,60dc4b08dd9ec36f5ca9e3fa,1
0.4866,ta,1,1,60dc4b08dd9ec36f5ca9e3fa,1
0.3099,me,3,1,60dc4b08dd9ec36f5ca9e3fa,1
0.6302,me,3,1,60dc4b08dd9ec36f5ca9e3fa,1
0.3513,me,3,1,60dc4b08dd9ec36f5ca9e3fa,1
0.3493,fe,1,1,60dc4b08dd9ec36f5ca9e3fa,1
0.6016,fe,1,1,60dc4b08dd9ec36f5ca9e3fa,1
0.1741,fe,1,1,60dc4b08dd9ec36f5ca9e3fa,1
0.736,fe,1,1,60dc4b08dd9ec36f5ca9e3fa,1
0.6371,ko,3,1,60dc4b08dd9ec36f5ca9e3fa,1
0.4004,ko,3,1,60dc4b08dd9ec36f5ca9e3fa,1
0.4033,ko,3,1,60dc4b08dd9ec36f5ca9e3fa,1
0.5824,ko,3,1,60dc4b08dd9ec36f5ca9e3fa,1
0.5965,ti,2,1,60dc4b08dd9ec36f5ca9e3fa,1
1.0999,ti,2,1,60dc4b08dd9ec36f5ca9e3fa,1
0.7057,ni,3,1,60dc4b08dd9ec36f5ca9e3fa,1
0.4031,ni,3,1,60dc4b08dd9ec36f5ca9e3fa,1
0.3201,re,1,1,60dc4b08dd9ec36f5ca9e3fa,1
0.4702,re,1,1,60dc4b08dd9ec36f5ca9e3fa,1
0.5868,re,1,1,60dc4b08dd9ec36f5ca9e3fa,1
0.3851,re,1,1,60dc4b08dd9ec36f5ca9e3fa,1
0.5172,fu,2,1,60dc4b08dd9ec36f5ca9e3fa,1
0.506,fu,2,1,60dc4b08dd9ec36f5ca9e3fa,1
0.6338,fu,2,1,60dc4b08dd9ec36f5ca9e3fa,1
0.3879,fu,2,1,60dc4b08dd9ec36f5ca9e3fa,1
0.4196,ru,1,1,60dc4b08dd9ec36f5ca9e3fa,1
0.7026,ru,1,1,60dc4b08dd9ec36f5ca9e3fa,1
0.3856,ru,1,1,60dc4b08dd9ec36f5ca9e3fa,1
0.2208,ge,2,1,60dc4b08dd9ec36f5ca9e3fa,1
0.2639,ge,2,1,60dc4b08dd9ec36f5ca9e3fa,1
0.3953,ge,2,1,60dc4b08dd9ec36f5ca9e3fa,1
0.329,ge,2,1,60dc4b08dd9ec36f5ca9e3fa,1
0.6862,su,3,1,60dc4b08dd9ec36f5ca9e3fa,1
0.4411,su,3,1,60dc4b08dd9ec36f5ca9e3fa,1
0.5385,ta,1,2,60dc4b08dd9ec36f5ca9e3fa,1
0.3377,ta,1,2,60dc4b08dd9ec36f5ca9e3fa,1
0.4582,ta,1,2,60dc4b08dd9ec36f5ca9e3fa,1
1.1747,ti,2,2,60dc4b08dd9ec36f5ca9e3fa,1
0.4024,ti,2,2,60dc4b08dd9ec36f5ca9e3fa,1
0.5513,ti,2,2,60dc4b08dd9ec36f5ca9e3fa,1
0.4207,me,3,2,60dc4b08dd9ec36f5ca9e3fa,1
0.3079,me,3,2,60dc4b08dd9ec36f5ca9e3fa,1
1.0198,me,3,2,60dc4b08dd9ec36f5ca9e3fa,1
0.3527,pu,2,2,60dc4b08dd9ec36f5ca9e3fa,1
0.5537,pu,2,2,60dc4b08dd9ec36f5ca9e3fa,1
0.4045,pu,2,2,60dc4b08dd9ec36f5ca9e3fa,1
0.4269,su,3,2,60dc4b08dd9ec36f5ca9e3fa,1
0.4182,su,3,2,60dc4b08dd9ec36f5ca9e3fa,1
0.6713,su,3,2,60dc4b08dd9ec36f5ca9e3fa,1
0.8344,su,3,2,60dc4b08dd9ec36f5ca9e3fa,1
0.4482,ru,1,2,60dc4b08dd9ec36f5ca9e3fa,1
0.4503,ru,1,2,60dc4b08dd9ec36f5ca9e3fa,1
0.3958,ru,1,2,60dc4b08dd9ec36f5ca9e3fa,1
0.3573,ko,3,2,60dc4b08dd9ec36f5ca9e3fa,1
0.4724,ko,3,2,60dc4b08dd9ec36f5ca9e3fa,1
0.566,ko,3,2,60dc4b08dd9ec36f5ca9e3fa,1
0.5343,ko,3,2,60dc4b08dd9ec36f5ca9e3fa,1
0.4639,re,1,2,60dc4b08dd9ec36f5ca9e3fa,1
0.3519,re,1,2,60dc4b08dd9ec36f5ca9e3fa,1
0.4684,re,1,2,60dc4b08dd9ec36f5ca9e3fa,1
0.4359,re,1,2,60dc4b08dd9ec36f5ca9e3fa,1
0.4253,fu,2,2,60dc4b08dd9ec36f5ca9e3fa,1
0.4147,fu,2,2,60dc4b08dd9ec36f5ca9e3fa,1
0.6337,fu,2,2,60dc4b08dd9ec36f5ca9e3fa,1
0.5521,ni,3,2,60dc4b08dd9ec36f5ca9e3fa,1
0.7949,ni,3,2,60dc4b08dd9ec36f5ca9e3fa,1
0.3529,ni,3,2,60dc4b08dd9ec36f5ca9e3fa,1
0.298,ni,3,2,60dc4b08dd9ec36f5ca9e3fa,1
0.3556,ge,2,2,60dc4b08dd9ec36f5ca9e3fa,1
0.3974,ge,2,2,60dc4b08dd9ec36f5ca9e3fa,1
0.3194,ge,2,2,60dc4b08dd9ec36f5ca9e3fa,1
0.457,ge,2,2,60dc4b08dd9ec36f5ca9e3fa,1
0.526,fe,1,2,60dc4b08dd9ec36f5ca9e3fa,1
0.4376,fe,1,2,60dc4b08dd9ec36f5ca9e3fa,1
0.8563,me,3,3,60dc4b08dd9ec36f5ca9e3fa,1
0.3427,me,3,3,60dc4b08dd9ec36f5ca9e3fa,1
0.3116,ti,2,3,60dc4b08dd9ec36f5ca9e3fa,1
0.4758,ta,1,3,60dc4b08dd9ec36f5ca9e3fa,1
0.4129,pu,2,3,60dc4b08dd9ec36f5ca9e3fa,1
0.6184,pu,2,3,60dc4b08dd9ec36f5ca9e3fa,1
0.7754,pu,2,3,60dc4b08dd9ec36f5ca9e3fa,1
0.4804,ko,3,3,60dc4b08dd9ec36f5ca9e3fa,1
0.488,ko,3,3,60dc4b08dd9ec36f5ca9e3fa,1
0.4409,ko,3,3,60dc4b08dd9ec36f5ca9e3fa,1
0.3535,fe,1,3,60dc4b08dd9ec36f5ca9e3fa,1
0.3899,fe,1,3,60dc4b08dd9ec36f5ca9e3fa,1
0.3239,ge,2,3,60dc4b08dd9ec36f5ca9e3fa,1
0.4566,ge,2,3,60dc4b08dd9ec36f5ca9e3fa,1
0.3205,ge,2,3,60dc4b08dd9ec36f5ca9e3fa,1
0.3938,ru,1,3,60dc4b08dd9ec36f5ca9e3fa,1
0.4904,ru,1,3,60dc4b08dd9ec36f5ca9e3fa,1
0.4379,ru,1,3,60dc4b08dd9ec36f5ca9e3fa,1
0.3165,ru,1,3,60dc4b08dd9ec36f5ca9e3fa,1
0.4536,su,3,3,60dc4b08dd9ec36f5ca9e3fa,1
0.553,su,3,3,60dc4b08dd9ec36f5ca9e3fa,1
0.4181,su,3,3,60dc4b08dd9ec36f5ca9e3fa,1
0.5131,re,1,3,60dc4b08dd9ec36f5ca9e3fa,1
0.4512,re,1,3,60dc4b08dd9ec36f5ca9e3fa,1
0.5841,re,1,3,60dc4b08dd9ec36f5ca9e3fa,1
0.5636,re,1,3,60dc4b08dd9ec36f5ca9e3fa,1
0.4503,ni,3,3,60dc4b08dd9ec36f5ca9e3fa,1
0.7957,ni,3,3,60dc4b08dd9ec36f5ca9e3fa,1
0.8474,ni,3,3,60dc4b08dd9ec36f5ca9e3fa,1
0.4087,fu,2,3,60dc4b08dd9ec36f5ca9e3fa,1
0.4689,fu,2,3,60dc4b08dd9ec36f5ca9e3fa,1
0.34299999999999997,fu,1.0,1.0,5b62e26f3a02cf000108d040,3
0.326,fu,1.0,1.0,5b62e26f3a02cf000108d040,3
0.45,fu,1.0,1.0,5b62e26f3a02cf000108d040,3
0.34299999999999997,su,2.0,1.0,5b62e26f3a02cf000108d040,3
0.385,su,2.0,1.0,5b62e26f3a02cf000108d040,3
0.526,su,2.0,1.0,5b62e26f3a02cf000108d040,3
0.4,su,2.0,1.0,5b62e26f3a02cf000108d040,3
0.312,re,3.0,1.0,5b62e26f3a02cf000108d040,3
0.35,re,3.0,1.0,5b62e26f3a02cf000108d040,3
0.39299999999999996,re,3.0,1.0,5b62e26f3a02cf000108d040,3
0.33399999999999996,re,3.0,1.0,5b62e26f3a02cf000108d040,3
0.9,ni,2.0,1.0,5b62e26f3a02cf000108d040,3
0.391,ni,2.0,1.0,5b62e26f3a02cf000108d040,3
0.354,ni,2.0,1.0,5b62e26f3a02cf000108d040,3
0.44,ni,2.0,1.0,5b62e26f3a02cf000108d040,3
0.618,fe,3.0,1.0,5b62e26f3a02cf000108d040,3
0.425,fe,3.0,1.0,5b62e26f3a02cf000108d040,3
0.469,fe,3.0,1.0,5b62e26f3a02cf000108d040,3
0.652,fe,3.0,1.0,5b62e26f3a02cf000108d040,3
0.434,pu,1.0,1.0,5b62e26f3a02cf000108d040,3
0.45399999999999996,pu,1.0,1.0,5b62e26f3a02cf000108d040,3
0.423,pu,1.0,1.0,5b62e26f3a02cf000108d040,3
0.423,ta,3.0,1.0,5b62e26f3a02cf000108d040,3
0.55,ta,3.0,1.0,5b62e26f3a02cf000108d040,3
0.303,ta,3.0,1.0,5b62e26f3a02cf000108d040,3
0.33899999999999997,ta,3.0,1.0,5b62e26f3a02cf000108d040,3
0.6679999999999999,ge,1.0,1.0,5b62e26f3a02cf000108d040,3
0.385,ge,1.0,1.0,5b62e26f3a02cf000108d040,3
0.401,ko,2.0,1.0,5b62e26f3a02cf000108d040,3
0.45399999999999996,ko,2.0,1.0,5b62e26f3a02cf000108d040,3
0.642,ko,2.0,1.0,5b62e26f3a02cf000108d040,3
0.518,ko,2.0,1.0,5b62e26f3a02cf000108d040,3
0.36,ru,3.0,1.0,5b62e26f3a02cf000108d040,3
0.39899999999999997,ru,3.0,1.0,5b62e26f3a02cf000108d040,3
0.401,ru,3.0,1.0,5b62e26f3a02cf000108d040,3
0.402,ru,3.0,1.0,5b62e26f3a02cf000108d040,3
0.306,me,2.0,1.0,5b62e26f3a02cf000108d040,3
0.41600000000000004,me,2.0,1.0,5b62e26f3a02cf000108d040,3
0.433,me,2.0,1.0,5b62e26f3a02cf000108d040,3
0.306,me,2.0,1.0,5b62e26f3a02cf000108d040,3
0.385,ti,1.0,1.0,5b62e26f3a02cf000108d040,3
0.001,ti,1.0,1.0,5b62e26f3a02cf000108d040,3
0.402,ti,1.0,1.0,5b62e26f3a02cf000108d040,3
0.65,ti,1.0,1.0,5b62e26f3a02cf000108d040,3
0.391,re,3.0,2.0,5b62e26f3a02cf000108d040,3
0.33399999999999996,re,3.0,2.0,5b62e26f3a02cf000108d040,3
0.275,re,3.0,2.0,5b62e26f3a02cf000108d040,3
0.456,re,3.0,2.0,5b62e26f3a02cf000108d040,3
0.392,su,2.0,2.0,5b62e26f3a02cf000108d040,3
0.384,su,2.0,2.0,5b62e26f3a02cf000108d040,3
0.501,su,2.0,2.0,5b62e26f3a02cf000108d040,3
0.402,su,2.0,2.0,5b62e26f3a02cf000108d040,3
0.35200000000000004,fu,1.0,2.0,5b62e26f3a02cf000108d040,3
0.34,fu,1.0,2.0,5b62e26f3a02cf000108d040,3
0.408,fu,1.0,2.0,5b62e26f3a02cf000108d040,3
0.35,fu,1.0,2.0,5b62e26f3a02cf000108d040,3
0.456,ni,2.0,2.0,5b62e26f3a02cf000108d040,3
0.493,ni,2.0,2.0,5b62e26f3a02cf000108d040,3
0.45299999999999996,ni,2.0,2.0,5b62e26f3a02cf000108d040,3
0.39899999999999997,ni,2.0,2.0,5b62e26f3a02cf000108d040,3
0.301,ta,3.0,2.0,5b62e26f3a02cf000108d040,3
0.287,ta,3.0,2.0,5b62e26f3a02cf000108d040,3
0.359,ta,3.0,2.0,5b62e26f3a02cf000108d040,3
0.341,ta,3.0,2.0,5b62e26f3a02cf000108d040,3
0.535,ti,1.0,2.0,5b62e26f3a02cf000108d040,3
0.503,ti,1.0,2.0,5b62e26f3a02cf000108d040,3
0.456,ti,1.0,2.0,5b62e26f3a02cf000108d040,3
0.457,ti,1.0,2.0,5b62e26f3a02cf000108d040,3
0.35100000000000003,me,2.0,2.0,5b62e26f3a02cf000108d040,3
0.392,me,2.0,2.0,5b62e26f3a02cf000108d040,3
0.485,me,2.0,2.0,5b62e26f3a02cf000108d040,3
0.457,pu,1.0,2.0,5b62e26f3a02cf000108d040,3
0.4,pu,1.0,2.0,5b62e26f3a02cf000108d040,3
0.40399999999999997,pu,1.0,2.0,5b62e26f3a02cf000108d040,3
0.457,pu,1.0,2.0,5b62e26f3a02cf000108d040,3
0.467,fe,3.0,2.0,5b62e26f3a02cf000108d040,3
0.385,fe,3.0,2.0,5b62e26f3a02cf000108d040,3
0.9179999999999999,fe,3.0,2.0,5b62e26f3a02cf000108d040,3
0.46799999999999997,fe,3.0,2.0,5b62e26f3a02cf000108d040,3
0.387,ge,1.0,2.0,5b62e26f3a02cf000108d040,3
0.39,ge,1.0,2.0,5b62e26f3a02cf000108d040,3
0.387,ge,1.0,2.0,5b62e26f3a02cf000108d040,3
0.48700000000000004,ge,1.0,2.0,5b62e26f3a02cf000108d040,3
0.433,ru,3.0,2.0,5b62e26f3a02cf000108d040,3
0.534,ru,3.0,2.0,5b62e26f3a02cf000108d040,3
0.44299999999999995,ru,3.0,2.0,5b62e26f3a02cf000108d040,3
0.401,ru,3.0,2.0,5b62e26f3a02cf000108d040,3
0.385,ko,2.0,2.0,5b62e26f3a02cf000108d040,3
0.41700000000000004,ko,2.0,2.0,5b62e26f3a02cf000108d040,3
0.465,ko,2.0,2.0,5b62e26f3a02cf000108d040,3
0.455,ko,2.0,2.0,5b62e26f3a02cf000108d040,3
0.385,ni,2.0,3.0,5b62e26f3a02cf000108d040,3
0.401,ni,2.0,3.0,5b62e26f3a02cf000108d040,3
0.301,ni,2.0,3.0,5b62e26f3a02cf000108d040,3
0.38799999999999996,ni,2.0,3.0,5b62e26f3a02cf000108d040,3
0.386,fu,1.0,3.0,5b62e26f3a02cf000108d040,3
0.519,fu,1.0,3.0,5b62e26f3a02cf000108d040,3
0.385,fu,1.0,3.0,5b62e26f3a02cf000108d040,3
0.479,fu,1.0,3.0,5b62e26f3a02cf000108d040,3
0.027000000000000003,re,3.0,3.0,5b62e26f3a02cf000108d040,3
0.5770000000000001,re,3.0,3.0,5b62e26f3a02cf000108d040,3
0.406,re,3.0,3.0,5b62e26f3a02cf000108d040,3
0.467,re,3.0,3.0,5b62e26f3a02cf000108d040,3
0.43799999999999994,ti,1.0,3.0,5b62e26f3a02cf000108d040,3
0.289,ti,1.0,3.0,5b62e26f3a02cf000108d040,3
0.306,ti,1.0,3.0,5b62e26f3a02cf000108d040,3
0.41700000000000004,ti,1.0,3.0,5b62e26f3a02cf000108d040,3
0.327,ta,3.0,3.0,5b62e26f3a02cf000108d040,3
0.409,ta,3.0,3.0,5b62e26f3a02cf000108d040,3
0.35600000000000004,ta,3.0,3.0,5b62e26f3a02cf000108d040,3
0.551,ta,3.0,3.0,5b62e26f3a02cf000108d040,3
0.4,su,2.0,3.0,5b62e26f3a02cf000108d040,3
0.6659999999999999,su,2.0,3.0,5b62e26f3a02cf000108d040,3
0.467,su,2.0,3.0,5b62e26f3a02cf000108d040,3
0.836,su,2.0,3.0,5b62e26f3a02cf000108d040,3
0.36,ru,3.0,3.0,5b62e26f3a02cf000108d040,3
0.519,ru,3.0,3.0,5b62e26f3a02cf000108d040,3
0.40399999999999997,ru,3.0,3.0,5b62e26f3a02cf000108d040,3
0.35600000000000004,ru,3.0,3.0,5b62e26f3a02cf000108d040,3
0.36,ge,1.0,3.0,5b62e26f3a02cf000108d040,3
0.42700000000000005,ko,2.0,3.0,5b62e26f3a02cf000108d040,3
0.41600000000000004,ko,2.0,3.0,5b62e26f3a02cf000108d040,3
0.418,ko,2.0,3.0,5b62e26f3a02cf000108d040,3
0.385,ko,2.0,3.0,5b62e26f3a02cf000108d040,3
0.385,pu,1.0,3.0,5b62e26f3a02cf000108d040,3
0.402,pu,1.0,3.0,5b62e26f3a02cf000108d040,3
0.436,pu,1.0,3.0,5b62e26f3a02cf000108d040,3
0.47200000000000003,pu,1.0,3.0,5b62e26f3a02cf000108d040,3
0.29100000000000004,me,2.0,3.0,5b62e26f3a02cf000108d040,3
0.35600000000000004,me,2.0,3.0,5b62e26f3a02cf000108d040,3
0.503,me,2.0,3.0,5b62e26f3a02cf000108d040,3
0.384,me,2.0,3.0,5b62e26f3a02cf000108d040,3
0.402,fe,3.0,3.0,5b62e26f3a02cf000108d040,3
0.38799999999999996,fe,3.0,3.0,5b62e26f3a02cf000108d040,3
0.391,fe,3.0,3.0,5b62e26f3a02cf000108d040,3
0.335,fe,3.0,3.0,5b62e26f3a02cf000108d040,3
0.34299999999999997,fu,1.0,1.0,5b62e26f3a02cf000108d040,3
0.326,fu,1.0,1.0,5b62e26f3a02cf000108d040,3
0.45,fu,1.0,1.0,5b62e26f3a02cf000108d040,3
0.34299999999999997,su,2.0,1.0,5b62e26f3a02cf000108d040,3
0.385,su,2.0,1.0,5b62e26f3a02cf000108d040,3
0.526,su,2.0,1.0,5b62e26f3a02cf000108d040,3
0.4,su,2.0,1.0,5b62e26f3a02cf000108d040,3
0.312,re,3.0,1.0,5b62e26f3a02cf000108d040,3
0.35,re,3.0,1.0,5b62e26f3a02cf000108d040,3
0.39299999999999996,re,3.0,1.0,5b62e26f3a02cf000108d040,3
0.33399999999999996,re,3.0,1.0,5b62e26f3a02cf000108d040,3
0.9,ni,2.0,1.0,5b62e26f3a02cf000108d040,3
0.391,ni,2.0,1.0,5b62e26f3a02cf000108d040,3
0.354,ni,2.0,1.0,5b62e26f3a02cf000108d040,3
0.44,ni,2.0,1.0,5b62e26f3a02cf000108d040,3
0.618,fe,3.0,1.0,5b62e26f3a02cf000108d040,3
0.425,fe,3.0,1.0,5b62e26f3a02cf000108d040,3
0.469,fe,3.0,1.0,5b62e26f3a02cf000108d040,3
0.652,fe,3.0,1.0,5b62e26f3a02cf000108d040,3
0.434,pu,1.0,1.0,5b62e26f3a02cf000108d040,3
0.45399999999999996,pu,1.0,1.0,5b62e26f3a02cf000108d040,3
0.423,pu,1.0,1.0,5b62e26f3a02cf000108d040,3
0.423,ta,3.0,1.0,5b62e26f3a02cf000108d040,3
0.55,ta,3.0,1.0,5b62e26f3a02cf000108d040,3
0.303,ta,3.0,1.0,5b62e26f3a02cf000108d040,3
0.33899999999999997,ta,3.0,1.0,5b62e26f3a02cf000108d040,3
0.6679999999999999,ge,1.0,1.0,5b62e26f3a02cf000108d040,3
0.385,ge,1.0,1.0,5b62e26f3a02cf000108d040,3
0.401,ko,2.0,1.0,5b62e26f3a02cf000108d040,3
0.45399999999999996,ko,2.0,1.0,5b62e26f3a02cf000108d040,3
0.642,ko,2.0,1.0,5b62e26f3a02cf000108d040,3
0.518,ko,2.0,1.0,5b62e26f3a02cf000108d040,3
0.36,ru,3.0,1.0,5b62e26f3a02cf000108d040,3
0.39899999999999997,ru,3.0,1.0,5b62e26f3a02cf000108d040,3
0.401,ru,3.0,1.0,5b62e26f3a02cf000108d040,3
0.402,ru,3.0,1.0,5b62e26f3a02cf000108d040,3
0.306,me,2.0,1.0,5b62e26f3a02cf000108d040,3
0.41600000000000004,me,2.0,1.0,5b62e26f3a02cf000108d040,3
0.433,me,2.0,1.0,5b62e26f3a02cf000108d040,3
0.306,me,2.0,1.0,5b62e26f3a02cf000108d040,3
0.385,ti,1.0,1.0,5b62e26f3a02cf000108d040,3
0.001,ti,1.0,1.0,5b62e26f3a02cf000108d040,3
0.402,ti,1.0,1.0,5b62e26f3a02cf000108d040,3
0.65,ti,1.0,1.0,5b62e26f3a02cf000108d040,3
0.391,re,3.0,2.0,5b62e26f3a02cf000108d040,3
0.33399999999999996,re,3.0,2.0,5b62e26f3a02cf000108d040,3
0.275,re,3.0,2.0,5b62e26f3a02cf000108d040,3
0.456,re,3.0,2.0,5b62e26f3a02cf000108d040,3
0.392,su,2.0,2.0,5b62e26f3a02cf000108d040,3
0.384,su,2.0,2.0,5b62e26f3a02cf000108d040,3
0.501,su,2.0,2.0,5b62e26f3a02cf000108d040,3
0.402,su,2.0,2.0,5b62e26f3a02cf000108d040,3
0.35200000000000004,fu,1.0,2.0,5b62e26f3a02cf000108d040,3
0.34,fu,1.0,2.0,5b62e26f3a02cf000108d040,3
0.408,fu,1.0,2.0,5b62e26f3a02cf000108d040,3
0.35,fu,1.0,2.0,5b62e26f3a02cf000108d040,3
0.456,ni,2.0,2.0,5b62e26f3a02cf000108d040,3
0.493,ni,2.0,2.0,5b62e26f3a02cf000108d040,3
0.45299999999999996,ni,2.0,2.0,5b62e26f3a02cf000108d040,3
0.39899999999999997,ni,2.0,2.0,5b62e26f3a02cf000108d040,3
0.301,ta,3.0,2.0,5b62e26f3a02cf000108d040,3
0.287,ta,3.0,2.0,5b62e26f3a02cf000108d040,3
0.359,ta,3.0,2.0,5b62e26f3a02cf000108d040,3
0.341,ta,3.0,2.0,5b62e26f3a02cf000108d040,3
0.535,ti,1.0,2.0,5b62e26f3a02cf000108d040,3
0.503,ti,1.0,2.0,5b62e26f3a02cf000108d040,3
0.456,ti,1.0,2.0,5b62e26f3a02cf000108d040,3
0.457,ti,1.0,2.0,5b62e26f3a02cf000108d040,3
0.35100000000000003,me,2.0,2.0,5b62e26f3a02cf000108d040,3
0.392,me,2.0,2.0,5b62e26f3a02cf000108d040,3
0.485,me,2.0,2.0,5b62e26f3a02cf000108d040,3
0.457,pu,1.0,2.0,5b62e26f3a02cf000108d040,3
0.4,pu,1.0,2.0,5b62e26f3a02cf000108d040,3
0.40399999999999997,pu,1.0,2.0,5b62e26f3a02cf000108d040,3
0.457,pu,1.0,2.0,5b62e26f3a02cf000108d040,3
0.467,fe,3.0,2.0,5b62e26f3a02cf000108d040,3
0.385,fe,3.0,2.0,5b62e26f3a02cf000108d040,3
0.9179999999999999,fe,3.0,2.0,5b62e26f3a02cf000108d040,3
0.46799999999999997,fe,3.0,2.0,5b62e26f3a02cf000108d040,3
0.387,ge,1.0,2.0,5b62e26f3a02cf000108d040,3
0.39,ge,1.0,2.0,5b62e26f3a02cf000108d040,3
0.387,ge,1.0,2.0,5b62e26f3a02cf000108d040,3
0.48700000000000004,ge,1.0,2.0,5b62e26f3a02cf000108d040,3
0.433,ru,3.0,2.0,5b62e26f3a02cf000108d040,3
0.534,ru,3.0,2.0,5b62e26f3a02cf000108d040,3
0.44299999999999995,ru,3.0,2.0,5b62e26f3a02cf000108d040,3
0.401,ru,3.0,2.0,5b62e26f3a02cf000108d040,3
0.385,ko,2.0,2.0,5b62e26f3a02cf000108d040,3
0.41700000000000004,ko,2.0,2.0,5b62e26f3a02cf000108d040,3
0.465,ko,2.0,2.0,5b62e26f3a02cf000108d040,3
0.455,ko,2.0,2.0,5b62e26f3a02cf000108d040,3
0.385,ni,2.0,3.0,5b62e26f3a02cf000108d040,3
0.401,ni,2.0,3.0,5b62e26f3a02cf000108d040,3
0.301,ni,2.0,3.0,5b62e26f3a02cf000108d040,3
0.38799999999999996,ni,2.0,3.0,5b62e26f3a02cf000108d040,3
0.386,fu,1.0,3.0,5b62e26f3a02cf000108d040,3
0.519,fu,1.0,3.0,5b62e26f3a02cf000108d040,3
0.385,fu,1.0,3.0,5b62e26f3a02cf000108d040,3
0.479,fu,1.0,3.0,5b62e26f3a02cf000108d040,3
0.027000000000000003,re,3.0,3.0,5b62e26f3a02cf000108d040,3
0.5770000000000001,re,3.0,3.0,5b62e26f3a02cf000108d040,3
0.406,re,3.0,3.0,5b62e26f3a02cf000108d040,3
0.467,re,3.0,3.0,5b62e26f3a02cf000108d040,3
0.43799999999999994,ti,1.0,3.0,5b62e26f3a02cf000108d040,3
0.289,ti,1.0,3.0,5b62e26f3a02cf000108d040,3
0.306,ti,1.0,3.0,5b62e26f3a02cf000108d040,3
0.41700000000000004,ti,1.0,3.0,5b62e26f3a02cf000108d040,3
0.327,ta,3.0,3.0,5b62e26f3a02cf000108d040,3
0.409,ta,3.0,3.0,5b62e26f3a02cf000108d040,3
0.35600000000000004,ta,3.0,3.0,5b62e26f3a02cf000108d040,3
0.551,ta,3.0,3.0,5b62e26f3a02cf000108d040,3
0.4,su,2.0,3.0,5b62e26f3a02cf000108d040,3
0.6659999999999999,su,2.0,3.0,5b62e26f3a02cf000108d040,3
0.467,su,2.0,3.0,5b62e26f3a02cf000108d040,3
0.836,su,2.0,3.0,5b62e26f3a02cf000108d040,3
0.36,ru,3.0,3.0,5b62e26f3a02cf000108d040,3
0.519,ru,3.0,3.0,5b62e26f3a02cf000108d040,3
0.40399999999999997,ru,3.0,3.0,5b62e26f3a02cf000108d040,3
0.35600000000000004,ru,3.0,3.0,5b62e26f3a02cf000108d040,3
0.36,ge,1.0,3.0,5b62e26f3a02cf000108d040,3
0.42700000000000005,ko,2.0,3.0,5b62e26f3a02cf000108d040,3
0.41600000000000004,ko,2.0,3.0,5b62e26f3a02cf000108d040,3
0.418,ko,2.0,3.0,5b62e26f3a02cf000108d040,3
0.385,ko,2.0,3.0,5b62e26f3a02cf000108d040,3
0.385,pu,1.0,3.0,5b62e26f3a02cf000108d040,3
0.402,pu,1.0,3.0,5b62e26f3a02cf000108d040,3
0.436,pu,1.0,3.0,5b62e26f3a02cf000108d040,3
0.47200000000000003,pu,1.0,3.0,5b62e26f3a02cf000108d040,3
0.29100000000000004,me,2.0,3.0,5b62e26f3a02cf000108d040,3
0.35600000000000004,me,2.0,3.0,5b62e26f3a02cf000108d040,3
0.503,me,2.0,3.0,5b62e26f3a02cf000108d040,3
0.384,me,2.0,3.0,5b62e26f3a02cf000108d040,3
0.402,fe,3.0,3.0,5b62e26f3a02cf000108d040,3
0.38799999999999996,fe,3.0,3.0,5b62e26f3a02cf000108d040,3
0.391,fe,3.0,3.0,5b62e26f3a02cf000108d040,3
0.335,fe,3.0,3.0,5b62e26f3a02cf000108d040,3
0.34299999999999997,fu,1.0,1.0,5b62e26f3a02cf000108d040,3
0.326,fu,1.0,1.0,5b62e26f3a02cf000108d040,3
0.45,fu,1.0,1.0,5b62e26f3a02cf000108d040,3
0.34299999999999997,su,2.0,1.0,5b62e26f3a02cf000108d040,3
0.385,su,2.0,1.0,5b62e26f3a02cf000108d040,3
0.526,su,2.0,1.0,5b62e26f3a02cf000108d040,3
0.4,su,2.0,1.0,5b62e26f3a02cf000108d040,3
0.312,re,3.0,1.0,5b62e26f3a02cf000108d040,3
0.35,re,3.0,1.0,5b62e26f3a02cf000108d040,3
0.39299999999999996,re,3.0,1.0,5b62e26f3a02cf000108d040,3
0.33399999999999996,re,3.0,1.0,5b62e26f3a02cf000108d040,3
0.9,ni,2.0,1.0,5b62e26f3a02cf000108d040,3
0.391,ni,2.0,1.0,5b62e26f3a02cf000108d040,3
0.354,ni,2.0,1.0,5b62e26f3a02cf000108d040,3
0.44,ni,2.0,1.0,5b62e26f3a02cf000108d040,3
0.618,fe,3.0,1.0,5b62e26f3a02cf000108d040,3
0.425,fe,3.0,1.0,5b62e26f3a02cf000108d040,3
0.469,fe,3.0,1.0,5b62e26f3a02cf000108d040,3
0.652,fe,3.0,1.0,5b62e26f3a02cf000108d040,3
0.434,pu,1.0,1.0,5b62e26f3a02cf000108d040,3
0.45399999999999996,pu,1.0,1.0,5b62e26f3a02cf000108d040,3
0.423,pu,1.0,1.0,5b62e26f3a02cf000108d040,3
0.423,ta,3.0,1.0,5b62e26f3a02cf000108d040,3
0.55,ta,3.0,1.0,5b62e26f3a02cf000108d040,3
0.303,ta,3.0,1.0,5b62e26f3a02cf000108d040,3
0.33899999999999997,ta,3.0,1.0,5b62e26f3a02cf000108d040,3
0.6679999999999999,ge,1.0,1.0,5b62e26f3a02cf000108d040,3
0.385,ge,1.0,1.0,5b62e26f3a02cf000108d040,3
0.401,ko,2.0,1.0,5b62e26f3a02cf000108d040,3
0.45399999999999996,ko,2.0,1.0,5b62e26f3a02cf000108d040,3
0.642,ko,2.0,1.0,5b62e26f3a02cf000108d040,3
0.518,ko,2.0,1.0,5b62e26f3a02cf000108d040,3
0.36,ru,3.0,1.0,5b62e26f3a02cf000108d040,3
0.39899999999999997,ru,3.0,1.0,5b62e26f3a02cf000108d040,3
0.401,ru,3.0,1.0,5b62e26f3a02cf000108d040,3
0.402,ru,3.0,1.0,5b62e26f3a02cf000108d040,3
0.306,me,2.0,1.0,5b62e26f3a02cf000108d040,3
0.41600000000000004,me,2.0,1.0,5b62e26f3a02cf000108d040,3
0.433,me,2.0,1.0,5b62e26f3a02cf000108d040,3
0.306,me,2.0,1.0,5b62e26f3a02cf000108d040,3
0.385,ti,1.0,1.0,5b62e26f3a02cf000108d040,3
0.001,ti,1.0,1.0,5b62e26f3a02cf000108d040,3
0.402,ti,1.0,1.0,5b62e26f3a02cf000108d040,3
0.65,ti,1.0,1.0,5b62e26f3a02cf000108d040,3
0.391,re,3.0,2.0,5b62e26f3a02cf000108d040,3
0.33399999999999996,re,3.0,2.0,5b62e26f3a02cf000108d040,3
0.275,re,3.0,2.0,5b62e26f3a02cf000108d040,3
0.456,re,3.0,2.0,5b62e26f3a02cf000108d040,3
0.392,su,2.0,2.0,5b62e26f3a02cf000108d040,3
0.384,su,2.0,2.0,5b62e26f3a02cf000108d040,3
0.501,su,2.0,2.0,5b62e26f3a02cf000108d040,3
0.402,su,2.0,2.0,5b62e26f3a02cf000108d040,3
0.35200000000000004,fu,1.0,2.0,5b62e26f3a02cf000108d040,3
0.34,fu,1.0,2.0,5b62e26f3a02cf000108d040,3
0.408,fu,1.0,2.0,5b62e26f3a02cf000108d040,3
0.35,fu,1.0,2.0,5b62e26f3a02cf000108d040,3
0.456,ni,2.0,2.0,5b62e26f3a02cf000108d040,3
0.493,ni,2.0,2.0,5b62e26f3a02cf000108d040,3
0.45299999999999996,ni,2.0,2.0,5b62e26f3a02cf000108d040,3
0.39899999999999997,ni,2.0,2.0,5b62e26f3a02cf000108d040,3
0.301,ta,3.0,2.0,5b62e26f3a02cf000108d040,3
0.287,ta,3.0,2.0,5b62e26f3a02cf000108d040,3
0.359,ta,3.0,2.0,5b62e26f3a02cf000108d040,3
0.341,ta,3.0,2.0,5b62e26f3a02cf000108d040,3
0.535,ti,1.0,2.0,5b62e26f3a02cf000108d040,3
0.503,ti,1.0,2.0,5b62e26f3a02cf000108d040,3
0.456,ti,1.0,2.0,5b62e26f3a02cf000108d040,3
0.457,ti,1.0,2.0,5b62e26f3a02cf000108d040,3
0.35100000000000003,me,2.0,2.0,5b62e26f3a02cf000108d040,3
0.392,me,2.0,2.0,5b62e26f3a02cf000108d040,3
0.485,me,2.0,2.0,5b62e26f3a02cf000108d040,3
0.457,pu,1.0,2.0,5b62e26f3a02cf000108d040,3
0.4,pu,1.0,2.0,5b62e26f3a02cf000108d040,3
0.40399999999999997,pu,1.0,2.0,5b62e26f3a02cf000108d040,3
0.457,pu,1.0,2.0,5b62e26f3a02cf000108d040,3
0.467,fe,3.0,2.0,5b62e26f3a02cf000108d040,3
0.385,fe,3.0,2.0,5b62e26f3a02cf000108d040,3
0.9179999999999999,fe,3.0,2.0,5b62e26f3a02cf000108d040,3
0.46799999999999997,fe,3.0,2.0,5b62e26f3a02cf000108d040,3
0.387,ge,1.0,2.0,5b62e26f3a02cf000108d040,3
0.39,ge,1.0,2.0,5b62e26f3a02cf000108d040,3
0.387,ge,1.0,2.0,5b62e26f3a02cf000108d040,3
0.48700000000000004,ge,1.0,2.0,5b62e26f3a02cf000108d040,3
0.433,ru,3.0,2.0,5b62e26f3a02cf000108d040,3
0.534,ru,3.0,2.0,5b62e26f3a02cf000108d040,3
0.44299999999999995,ru,3.0,2.0,5b62e26f3a02cf000108d040,3
0.401,ru,3.0,2.0,5b62e26f3a02cf000108d040,3
0.385,ko,2.0,2.0,5b62e26f3a02cf000108d040,3
0.41700000000000004,ko,2.0,2.0,5b62e26f3a02cf000108d040,3
0.465,ko,2.0,2.0,5b62e26f3a02cf000108d040,3
0.455,ko,2.0,2.0,5b62e26f3a02cf000108d040,3
0.385,ni,2.0,3.0,5b62e26f3a02cf000108d040,3
0.401,ni,2.0,3.0,5b62e26f3a02cf000108d040,3
0.301,ni,2.0,3.0,5b62e26f3a02cf000108d040,3
0.38799999999999996,ni,2.0,3.0,5b62e26f3a02cf000108d040,3
0.386,fu,1.0,3.0,5b62e26f3a02cf000108d040,3
0.519,fu,1.0,3.0,5b62e26f3a02cf000108d040,3
0.385,fu,1.0,3.0,5b62e26f3a02cf000108d040,3
0.479,fu,1.0,3.0,5b62e26f3a02cf000108d040,3
0.027000000000000003,re,3.0,3.0,5b62e26f3a02cf000108d040,3
0.5770000000000001,re,3.0,3.0,5b62e26f3a02cf000108d040,3
0.406,re,3.0,3.0,5b62e26f3a02cf000108d040,3
0.467,re,3.0,3.0,5b62e26f3a02cf000108d040,3
0.43799999999999994,ti,1.0,3.0,5b62e26f3a02cf000108d040,3
0.289,ti,1.0,3.0,5b62e26f3a02cf000108d040,3
0.306,ti,1.0,3.0,5b62e26f3a02cf000108d040,3
0.41700000000000004,ti,1.0,3.0,5b62e26f3a02cf000108d040,3
0.327,ta,3.0,3.0,5b62e26f3a02cf000108d040,3
0.409,ta,3.0,3.0,5b62e26f3a02cf000108d040,3
0.35600000000000004,ta,3.0,3.0,5b62e26f3a02cf000108d040,3
0.551,ta,3.0,3.0,5b62e26f3a02cf000108d040,3
0.4,su,2.0,3.0,5b62e26f3a02cf000108d040,3
0.6659999999999999,su,2.0,3.0,5b62e26f3a02cf000108d040,3
0.467,su,2.0,3.0,5b62e26f3a02cf000108d040,3
0.836,su,2.0,3.0,5b62e26f3a02cf000108d040,3
0.36,ru,3.0,3.0,5b62e26f3a02cf000108d040,3
0.519,ru,3.0,3.0,5b62e26f3a02cf000108d040,3
0.40399999999999997,ru,3.0,3.0,5b62e26f3a02cf000108d040,3
0.35600000000000004,ru,3.0,3.0,5b62e26f3a02cf000108d040,3
0.36,ge,1.0,3.0,5b62e26f3a02cf000108d040,3
0.42700000000000005,ko,2.0,3.0,5b62e26f3a02cf000108d040,3
0.41600000000000004,ko,2.0,3.0,5b62e26f3a02cf000108d040,3
0.418,ko,2.0,3.0,5b62e26f3a02cf000108d040,3
0.385,ko,2.0,3.0,5b62e26f3a02cf000108d040,3
0.385,pu,1.0,3.0,5b62e26f3a02cf000108d040,3
0.402,pu,1.0,3.0,5b62e26f3a02cf000108d040,3
0.436,pu,1.0,3.0,5b62e26f3a02cf000108d040,3
0.47200000000000003,pu,1.0,3.0,5b62e26f3a02cf000108d040,3
0.29100000000000004,me,2.0,3.0,5b62e26f3a02cf000108d040,3
0.35600000000000004,me,2.0,3.0,5b62e26f3a02cf000108d040,3
0.503,me,2.0,3.0,5b62e26f3a02cf000108d040,3
0.384,me,2.0,3.0,5b62e26f3a02cf000108d040,3
0.402,fe,3.0,3.0,5b62e26f3a02cf000108d040,3
0.38799999999999996,fe,3.0,3.0,5b62e26f3a02cf000108d040,3
0.391,fe,3.0,3.0,5b62e26f3a02cf000108d040,3
0.335,fe,3.0,3.0,5b62e26f3a02cf000108d040,3
0.3763,ge,3.0,1.0,5c97c01445658c0016752431,5
0.4187,ge,3.0,1.0,5c97c01445658c0016752431,5
0.4897,ge,3.0,1.0,5c97c01445658c0016752431,5
0.473,fe,2.0,1.0,5c97c01445658c0016752431,5
0.6473,fe,2.0,1.0,5c97c01445658c0016752431,5
0.5471,fe,2.0,1.0,5c97c01445658c0016752431,5
0.3772,fe,2.0,1.0,5c97c01445658c0016752431,5
0.4763,ko,1.0,1.0,5c97c01445658c0016752431,5
0.618,ko,1.0,1.0,5c97c01445658c0016752431,5
0.4198,ko,1.0,1.0,5c97c01445658c0016752431,5
0.6132,ko,1.0,1.0,5c97c01445658c0016752431,5
0.3985,ru,2.0,1.0,5c97c01445658c0016752431,5
0.9212,ru,2.0,1.0,5c97c01445658c0016752431,5
0.3975,fu,3.0,1.0,5c97c01445658c0016752431,5
0.5221,fu,3.0,1.0,5c97c01445658c0016752431,5
0.4861,fu,3.0,1.0,5c97c01445658c0016752431,5
0.6892,fu,3.0,1.0,5c97c01445658c0016752431,5
0.3917,su,1.0,1.0,5c97c01445658c0016752431,5
0.5041,su,1.0,1.0,5c97c01445658c0016752431,5
0.4391,su,1.0,1.0,5c97c01445658c0016752431,5
0.8847,su,1.0,1.0,5c97c01445658c0016752431,5
0.4539,re,2.0,1.0,5c97c01445658c0016752431,5
0.3181,re,2.0,1.0,5c97c01445658c0016752431,5
0.3494,re,2.0,1.0,5c97c01445658c0016752431,5
0.4224,ti,3.0,1.0,5c97c01445658c0016752431,5
0.703,ti,3.0,1.0,5c97c01445658c0016752431,5
0.4701,ti,3.0,1.0,5c97c01445658c0016752431,5
0.3955,ti,3.0,1.0,5c97c01445658c0016752431,5
0.3239,me,1.0,1.0,5c97c01445658c0016752431,5
0.4948,me,1.0,1.0,5c97c01445658c0016752431,5
0.905,me,1.0,1.0,5c97c01445658c0016752431,5
0.6384,me,1.0,1.0,5c97c01445658c0016752431,5
0.93,pu,3.0,1.0,5c97c01445658c0016752431,5
0.2977,pu,3.0,1.0,5c97c01445658c0016752431,5
0.3023,pu,3.0,1.0,5c97c01445658c0016752431,5
0.5942,ta,2.0,1.0,5c97c01445658c0016752431,5
0.7674,ta,2.0,1.0,5c97c01445658c0016752431,5
0.4596,ru,2.0,2.0,5c97c01445658c0016752431,5
0.4702,ru,2.0,2.0,5c97c01445658c0016752431,5
0.6174,ru,2.0,2.0,5c97c01445658c0016752431,5
0.457,ru,2.0,2.0,5c97c01445658c0016752431,5
0.4683,ko,1.0,2.0,5c97c01445658c0016752431,5
0.5507,ko,1.0,2.0,5c97c01445658c0016752431,5
0.3114,ko,1.0,2.0,5c97c01445658c0016752431,5
0.3779,ko,1.0,2.0,5c97c01445658c0016752431,5
0.3486,ge,3.0,2.0,5c97c01445658c0016752431,5
0.344,ge,3.0,2.0,5c97c01445658c0016752431,5
0.4317,su,1.0,2.0,5c97c01445658c0016752431,5
0.5489999999999999,su,1.0,2.0,5c97c01445658c0016752431,5
0.4349,su,1.0,2.0,5c97c01445658c0016752431,5
0.4076,su,1.0,2.0,5c97c01445658c0016752431,5
0.4792,fu,3.0,2.0,5c97c01445658c0016752431,5
0.5102,fu,3.0,2.0,5c97c01445658c0016752431,5
0.5694,fu,3.0,2.0,5c97c01445658c0016752431,5
0.5009,fu,3.0,2.0,5c97c01445658c0016752431,5
0.4727,fe,2.0,2.0,5c97c01445658c0016752431,5
0.4491,fe,2.0,2.0,5c97c01445658c0016752431,5
0.3723,fe,2.0,2.0,5c97c01445658c0016752431,5
0.4117,fe,2.0,2.0,5c97c01445658c0016752431,5
0.5013,pu,3.0,2.0,5c97c01445658c0016752431,5
0.3741,pu,3.0,2.0,5c97c01445658c0016752431,5
0.6459999999999999,me,1.0,2.0,5c97c01445658c0016752431,5
0.3981,me,1.0,2.0,5c97c01445658c0016752431,5
0.4613,me,1.0,2.0,5c97c01445658c0016752431,5
0.4374,me,1.0,2.0,5c97c01445658c0016752431,5
0.4983,ta,2.0,2.0,5c97c01445658c0016752431,5
0.4517,ta,2.0,2.0,5c97c01445658c0016752431,5
0.4312,ni,1.0,2.0,5c97c01445658c0016752431,5
0.3755,ni,1.0,2.0,5c97c01445658c0016752431,5
0.4449,ni,1.0,2.0,5c97c01445658c0016752431,5
0.5589999999999999,re,2.0,2.0,5c97c01445658c0016752431,5
0.4437,re,2.0,2.0,5c97c01445658c0016752431,5
0.3843,re,2.0,2.0,5c97c01445658c0016752431,5
0.3824,re,2.0,2.0,5c97c01445658c0016752431,5
0.4803,ti,3.0,2.0,5c97c01445658c0016752431,5
0.4238,ti,3.0,2.0,5c97c01445658c0016752431,5
0.5627,ti,3.0,2.0,5c97c01445658c0016752431,5
0.5034,ko,1.0,3.0,5c97c01445658c0016752431,5
1.0426,ko,1.0,3.0,5c97c01445658c0016752431,5
0.4134,ko,1.0,3.0,5c97c01445658c0016752431,5
0.3716,ko,1.0,3.0,5c97c01445658c0016752431,5
0.6871,fe,2.0,3.0,5c97c01445658c0016752431,5
0.4597,fe,2.0,3.0,5c97c01445658c0016752431,5
0.4927,fe,2.0,3.0,5c97c01445658c0016752431,5
0.3975,ge,3.0,3.0,5c97c01445658c0016752431,5
0.3379,ge,3.0,3.0,5c97c01445658c0016752431,5
0.3361,ge,3.0,3.0,5c97c01445658c0016752431,5
0.5672,ru,2.0,3.0,5c97c01445658c0016752431,5
0.389,ru,2.0,3.0,5c97c01445658c0016752431,5
0.4392,ru,2.0,3.0,5c97c01445658c0016752431,5
0.7894,ru,2.0,3.0,5c97c01445658c0016752431,5
0.5771,ti,3.0,3.0,5c97c01445658c0016752431,5
0.2693,ti,3.0,3.0,5c97c01445658c0016752431,5
1.0745,ti,3.0,3.0,5c97c01445658c0016752431,5
0.465,ni,1.0,3.0,5c97c01445658c0016752431,5
0.6399,ni,1.0,3.0,5c97c01445658c0016752431,5
0.7169,ni,1.0,3.0,5c97c01445658c0016752431,5
0.3784,ni,1.0,3.0,5c97c01445658c0016752431,5
0.4782,fu,3.0,3.0,5c97c01445658c0016752431,5
0.4865,fu,3.0,3.0,5c97c01445658c0016752431,5
0.46399999999999997,fu,3.0,3.0,5c97c01445658c0016752431,5
0.6215,fu,3.0,3.0,5c97c01445658c0016752431,5
0.3107,me,1.0,3.0,5c97c01445658c0016752431,5
0.3969,me,1.0,3.0,5c97c01445658c0016752431,5
0.4804,me,1.0,3.0,5c97c01445658c0016752431,5
0.4324,me,1.0,3.0,5c97c01445658c0016752431,5
0.6887,ta,2.0,3.0,5c97c01445658c0016752431,5
0.4285,ta,2.0,3.0,5c97c01445658c0016752431,5
0.5489,ta,2.0,3.0,5c97c01445658c0016752431,5
0.2709,pu,3.0,3.0,5c97c01445658c0016752431,5
0.4013,pu,3.0,3.0,5c97c01445658c0016752431,5
0.3405,pu,3.0,3.0,5c97c01445658c0016752431,5
0.6493,re,2.0,3.0,5c97c01445658c0016752431,5
0.4972,re,2.0,3.0,5c97c01445658c0016752431,5
0.6235,su,1.0,3.0,5c97c01445658c0016752431,5
1.0426,su,1.0,3.0,5c97c01445658c0016752431,5
0.4009,su,1.0,3.0,5c97c01445658c0016752431,5
0.3872,ge,3.0,1.0,5fbc0e54b3efb70778c86227,5
0.0546,ge,3.0,1.0,5fbc0e54b3efb70778c86227,5
0.0328,ge,3.0,1.0,5fbc0e54b3efb70778c86227,5
0.10300000000000001,ge,3.0,1.0,5fbc0e54b3efb70778c86227,5
0.4924,fe,2.0,1.0,5fbc0e54b3efb70778c86227,5
0.3206,fe,2.0,1.0,5fbc0e54b3efb70778c86227,5
0.2845,fe,2.0,1.0,5fbc0e54b3efb70778c86227,5
0.3041,fe,2.0,1.0,5fbc0e54b3efb70778c86227,5
0.3029,ko,1.0,1.0,5fbc0e54b3efb70778c86227,5
0.4832,ko,1.0,1.0,5fbc0e54b3efb70778c86227,5
0.4058,ru,2.0,1.0,5fbc0e54b3efb70778c86227,5
0.3862,ru,2.0,1.0,5fbc0e54b3efb70778c86227,5
0.5165,ru,2.0,1.0,5fbc0e54b3efb70778c86227,5
0.3488,ru,2.0,1.0,5fbc0e54b3efb70778c86227,5
0.33,fu,3.0,1.0,5fbc0e54b3efb70778c86227,5
0.5342,fu,3.0,1.0,5fbc0e54b3efb70778c86227,5
0.419,su,1.0,1.0,5fbc0e54b3efb70778c86227,5
0.4616,su,1.0,1.0,5fbc0e54b3efb70778c86227,5
0.3888,su,1.0,1.0,5fbc0e54b3efb70778c86227,5
0.9018,re,2.0,1.0,5fbc0e54b3efb70778c86227,5
0.287,re,2.0,1.0,5fbc0e54b3efb70778c86227,5
0.2069,re,2.0,1.0,5fbc0e54b3efb70778c86227,5
0.5493,re,2.0,1.0,5fbc0e54b3efb70778c86227,5
0.4603,ni,1.0,1.0,5fbc0e54b3efb70778c86227,5
0.4566,ni,1.0,1.0,5fbc0e54b3efb70778c86227,5
0.4459,ni,1.0,1.0,5fbc0e54b3efb70778c86227,5
0.462,ni,1.0,1.0,5fbc0e54b3efb70778c86227,5
0.3034,ti,3.0,1.0,5fbc0e54b3efb70778c86227,5
0.3872,ti,3.0,1.0,5fbc0e54b3efb70778c86227,5
0.6079,ti,3.0,1.0,5fbc0e54b3efb70778c86227,5
0.4387,ti,3.0,1.0,5fbc0e54b3efb70778c86227,5
0.4053,me,1.0,1.0,5fbc0e54b3efb70778c86227,5
0.401,me,1.0,1.0,5fbc0e54b3efb70778c86227,5
0.643,me,1.0,1.0,5fbc0e54b3efb70778c86227,5
0.3193,me,1.0,1.0,5fbc0e54b3efb70778c86227,5
0.4213,pu,3.0,1.0,5fbc0e54b3efb70778c86227,5
0.253,pu,3.0,1.0,5fbc0e54b3efb70778c86227,5
0.2741,pu,3.0,1.0,5fbc0e54b3efb70778c86227,5
0.3198,pu,3.0,1.0,5fbc0e54b3efb70778c86227,5
0.4025,ta,2.0,1.0,5fbc0e54b3efb70778c86227,5
0.5164,ta,2.0,1.0,5fbc0e54b3efb70778c86227,5
0.5011,ta,2.0,1.0,5fbc0e54b3efb70778c86227,5
0.4019,ta,2.0,1.0,5fbc0e54b3efb70778c86227,5
0.4178,ko,1.0,2.0,5fbc0e54b3efb70778c86227,5
0.3744,ko,1.0,2.0,5fbc0e54b3efb70778c86227,5
0.7264,ko,1.0,2.0,5fbc0e54b3efb70778c86227,5
0.4356,fe,2.0,2.0,5fbc0e54b3efb70778c86227,5
0.6498,fe,2.0,2.0,5fbc0e54b3efb70778c86227,5
0.0593,ge,3.0,2.0,5fbc0e54b3efb70778c86227,5
0.0352,ge,3.0,2.0,5fbc0e54b3efb70778c86227,5
0.1004,ge,3.0,2.0,5fbc0e54b3efb70778c86227,5
0.0274,ge,3.0,2.0,5fbc0e54b3efb70778c86227,5
0.4105,ru,2.0,2.0,5fbc0e54b3efb70778c86227,5
0.4325,ru,2.0,2.0,5fbc0e54b3efb70778c86227,5
0.4188,ru,2.0,2.0,5fbc0e54b3efb70778c86227,5
0.2517,ru,2.0,2.0,5fbc0e54b3efb70778c86227,5
0.5184,ti,3.0,2.0,5fbc0e54b3efb70778c86227,5
0.2196,ti,3.0,2.0,5fbc0e54b3efb70778c86227,5
0.0684,ti,3.0,2.0,5fbc0e54b3efb70778c86227,5
0.4117,ni,1.0,2.0,5fbc0e54b3efb70778c86227,5
0.504,ni,1.0,2.0,5fbc0e54b3efb70778c86227,5
0.5379999999999999,ni,1.0,2.0,5fbc0e54b3efb70778c86227,5
0.4571,ni,1.0,2.0,5fbc0e54b3efb70778c86227,5
0.5985,fu,3.0,2.0,5fbc0e54b3efb70778c86227,5
0.4181,fu,3.0,2.0,5fbc0e54b3efb70778c86227,5
0.4183,fu,3.0,2.0,5fbc0e54b3efb70778c86227,5
0.4027,fu,3.0,2.0,5fbc0e54b3efb70778c86227,5
0.4508,me,1.0,2.0,5fbc0e54b3efb70778c86227,5
0.4254,me,1.0,2.0,5fbc0e54b3efb70778c86227,5
0.5176,me,1.0,2.0,5fbc0e54b3efb70778c86227,5
0.4169,me,1.0,2.0,5fbc0e54b3efb70778c86227,5
0.4345,ta,2.0,2.0,5fbc0e54b3efb70778c86227,5
0.3446,ta,2.0,2.0,5fbc0e54b3efb70778c86227,5
0.4208,pu,3.0,2.0,5fbc0e54b3efb70778c86227,5
0.252,pu,3.0,2.0,5fbc0e54b3efb70778c86227,5
0.2121,pu,3.0,2.0,5fbc0e54b3efb70778c86227,5
0.3495,pu,3.0,2.0,5fbc0e54b3efb70778c86227,5
0.6828,re,2.0,2.0,5fbc0e54b3efb70778c86227,5
0.2299,re,2.0,2.0,5fbc0e54b3efb70778c86227,5
0.1508,re,2.0,2.0,5fbc0e54b3efb70778c86227,5
0.3517,su,1.0,2.0,5fbc0e54b3efb70778c86227,5
0.2535,su,1.0,2.0,5fbc0e54b3efb70778c86227,5
0.8304,su,1.0,2.0,5fbc0e54b3efb70778c86227,5
0.589,su,1.0,2.0,5fbc0e54b3efb70778c86227,5
0.3901,ru,2.0,3.0,5fbc0e54b3efb70778c86227,5
0.3951,ru,2.0,3.0,5fbc0e54b3efb70778c86227,5
0.4753,ru,2.0,3.0,5fbc0e54b3efb70778c86227,5
0.56,ru,2.0,3.0,5fbc0e54b3efb70778c86227,5
0.4015,ko,1.0,3.0,5fbc0e54b3efb70778c86227,5
0.4107,ko,1.0,3.0,5fbc0e54b3efb70778c86227,5
0.667,ko,1.0,3.0,5fbc0e54b3efb70778c86227,5
0.5548,ko,1.0,3.0,5fbc0e54b3efb70778c86227,5
0.0516,ge,3.0,3.0,5fbc0e54b3efb70778c86227,5
0.2056,ge,3.0,3.0,5fbc0e54b3efb70778c86227,5
0.0928,ge,3.0,3.0,5fbc0e54b3efb70778c86227,5
0.3899,su,1.0,3.0,5fbc0e54b3efb70778c86227,5
0.401,su,1.0,3.0,5fbc0e54b3efb70778c86227,5
0.3502,su,1.0,3.0,5fbc0e54b3efb70778c86227,5
0.5027,fu,3.0,3.0,5fbc0e54b3efb70778c86227,5
0.3465,fu,3.0,3.0,5fbc0e54b3efb70778c86227,5
0.41700000000000004,fu,3.0,3.0,5fbc0e54b3efb70778c86227,5
0.3207,fe,2.0,3.0,5fbc0e54b3efb70778c86227,5
0.1457,fe,2.0,3.0,5fbc0e54b3efb70778c86227,5
0.2482,fe,2.0,3.0,5fbc0e54b3efb70778c86227,5
0.1316,fe,2.0,3.0,5fbc0e54b3efb70778c86227,5
0.5112,pu,3.0,3.0,5fbc0e54b3efb70778c86227,5
0.2622,pu,3.0,3.0,5fbc0e54b3efb70778c86227,5
0.2176,pu,3.0,3.0,5fbc0e54b3efb70778c86227,5
0.3042,pu,3.0,3.0,5fbc0e54b3efb70778c86227,5
0.7726,me,1.0,3.0,5fbc0e54b3efb70778c86227,5
0.4827,me,1.0,3.0,5fbc0e54b3efb70778c86227,5
0.5091,me,1.0,3.0,5fbc0e54b3efb70778c86227,5
0.5808,ta,2.0,3.0,5fbc0e54b3efb70778c86227,5
0.233,ta,2.0,3.0,5fbc0e54b3efb70778c86227,5
0.4704,ta,2.0,3.0,5fbc0e54b3efb70778c86227,5
0.3197,ta,2.0,3.0,5fbc0e54b3efb70778c86227,5
0.4728,ni,1.0,3.0,5fbc0e54b3efb70778c86227,5
0.4964,ni,1.0,3.0,5fbc0e54b3efb70778c86227,5
0.3442,ni,1.0,3.0,5fbc0e54b3efb70778c86227,5
0.5063,ni,1.0,3.0,5fbc0e54b3efb70778c86227,5
0.0687,re,2.0,3.0,5fbc0e54b3efb70778c86227,5
0.1388,re,2.0,3.0,5fbc0e54b3efb70778c86227,5
0.4963,re,2.0,3.0,5fbc0e54b3efb70778c86227,5
0.2688,re,2.0,3.0,5fbc0e54b3efb70778c86227,5
0.3839,ti,3.0,3.0,5fbc0e54b3efb70778c86227,5
0.4217,ti,3.0,3.0,5fbc0e54b3efb70778c86227,5
0.3341,ti,3.0,3.0,5fbc0e54b3efb70778c86227,5
0.38799999999999996,ti,3.0,3.0,5fbc0e54b3efb70778c86227,5
0.48700000000000004,ge,3.0,1.0,602fa684fc65e0cb663c1970,5
0.406,ge,3.0,1.0,602fa684fc65e0cb663c1970,5
0.527,fe,2.0,1.0,602fa684fc65e0cb663c1970,5
0.525,fe,2.0,1.0,602fa684fc65e0cb663c1970,5
0.518,ko,1.0,1.0,602fa684fc65e0cb663c1970,5
0.526,ko,1.0,1.0,602fa684fc65e0cb663c1970,5
0.679,ko,1.0,1.0,602fa684fc65e0cb663c1970,5
0.408,ko,1.0,1.0,602fa684fc65e0cb663c1970,5
0.5579999999999999,ru,2.0,1.0,602fa684fc65e0cb663c1970,5
0.56,ru,2.0,1.0,602fa684fc65e0cb663c1970,5
0.573,ru,2.0,1.0,602fa684fc65e0cb663c1970,5
0.32299999999999995,fu,3.0,1.0,602fa684fc65e0cb663c1970,5
0.353,fu,3.0,1.0,602fa684fc65e0cb663c1970,5
0.35600000000000004,fu,3.0,1.0,602fa684fc65e0cb663c1970,5
0.474,su,1.0,1.0,602fa684fc65e0cb663c1970,5
0.635,su,1.0,1.0,602fa684fc65e0cb663c1970,5
0.43200000000000005,su,1.0,1.0,602fa684fc65e0cb663c1970,5
0.451,su,1.0,1.0,602fa684fc65e0cb663c1970,5
0.488,re,2.0,1.0,602fa684fc65e0cb663c1970,5
0.542,re,2.0,1.0,602fa684fc65e0cb663c1970,5
0.445,re,2.0,1.0,602fa684fc65e0cb663c1970,5
0.503,re,2.0,1.0,602fa684fc65e0cb663c1970,5
0.546,ni,1.0,1.0,602fa684fc65e0cb663c1970,5
0.425,ni,1.0,1.0,602fa684fc65e0cb663c1970,5
0.546,ni,1.0,1.0,602fa684fc65e0cb663c1970,5
0.44799999999999995,ti,3.0,1.0,602fa684fc65e0cb663c1970,5
0.324,ti,3.0,1.0,602fa684fc65e0cb663c1970,5
0.674,me,1.0,1.0,602fa684fc65e0cb663c1970,5
1.028,me,1.0,1.0,602fa684fc65e0cb663c1970,5
0.703,me,1.0,1.0,602fa684fc65e0cb663c1970,5
0.48700000000000004,me,1.0,1.0,602fa684fc65e0cb663c1970,5
0.34299999999999997,pu,3.0,1.0,602fa684fc65e0cb663c1970,5
0.45,pu,3.0,1.0,602fa684fc65e0cb663c1970,5
0.217,pu,3.0,1.0,602fa684fc65e0cb663c1970,5
0.79,ta,2.0,1.0,602fa684fc65e0cb663c1970,5
0.888,ta,2.0,1.0,602fa684fc65e0cb663c1970,5
0.326,ta,2.0,1.0,602fa684fc65e0cb663c1970,5
0.5379999999999999,ko,1.0,2.0,602fa684fc65e0cb663c1970,5
0.485,ko,1.0,2.0,602fa684fc65e0cb663c1970,5
0.7020000000000001,ko,1.0,2.0,602fa684fc65e0cb663c1970,5
0.436,ko,1.0,2.0,602fa684fc65e0cb663c1970,5
0.7979999999999999,fe,2.0,2.0,602fa684fc65e0cb663c1970,5
0.588,fe,2.0,2.0,602fa684fc65e0cb663c1970,5
1.061,fe,2.0,2.0,602fa684fc65e0cb663c1970,5
0.621,fe,2.0,2.0,602fa684fc65e0cb663c1970,5
0.442,ge,3.0,2.0,602fa684fc65e0cb663c1970,5
0.27699999999999997,ge,3.0,2.0,602fa684fc65e0cb663c1970,5
0.24600000000000002,ge,3.0,2.0,602fa684fc65e0cb663c1970,5
0.8420000000000001,ru,2.0,2.0,602fa684fc65e0cb663c1970,5
0.479,ru,2.0,2.0,602fa684fc65e0cb663c1970,5
0.623,ru,2.0,2.0,602fa684fc65e0cb663c1970,5
0.6659999999999999,ru,2.0,2.0,602fa684fc65e0cb663c1970,5
0.615,ti,3.0,2.0,602fa684fc65e0cb663c1970,5
0.528,ti,3.0,2.0,602fa684fc65e0cb663c1970,5
0.551,ti,3.0,2.0,602fa684fc65e0cb663c1970,5
0.258,ni,1.0,2.0,602fa684fc65e0cb663c1970,5
0.55,ni,1.0,2.0,602fa684fc65e0cb663c1970,5
0.775,fu,3.0,2.0,602fa684fc65e0cb663c1970,5
0.402,fu,3.0,2.0,602fa684fc65e0cb663c1970,5
0.43799999999999994,me,1.0,2.0,602fa684fc65e0cb663c1970,5
0.629,me,1.0,2.0,602fa684fc65e0cb663c1970,5
0.5429999999999999,me,1.0,2.0,602fa684fc65e0cb663c1970,5
0.618,me,1.0,2.0,602fa684fc65e0cb663c1970,5
0.462,ta,2.0,2.0,602fa684fc65e0cb663c1970,5
0.297,ta,2.0,2.0,602fa684fc65e0cb663c1970,5
0.49700000000000005,ta,2.0,2.0,602fa684fc65e0cb663c1970,5
0.516,pu,3.0,2.0,602fa684fc65e0cb663c1970,5
0.618,pu,3.0,2.0,602fa684fc65e0cb663c1970,5
0.907,pu,3.0,2.0,602fa684fc65e0cb663c1970,5
0.516,re,2.0,2.0,602fa684fc65e0cb663c1970,5
0.5770000000000001,re,2.0,2.0,602fa684fc65e0cb663c1970,5
0.55,re,2.0,2.0,602fa684fc65e0cb663c1970,5
0.659,re,2.0,2.0,602fa684fc65e0cb663c1970,5
0.6,su,1.0,2.0,602fa684fc65e0cb663c1970,5
0.732,su,1.0,2.0,602fa684fc65e0cb663c1970,5
0.5670000000000001,su,1.0,2.0,602fa684fc65e0cb663c1970,5
0.69,ru,2.0,3.0,602fa684fc65e0cb663c1970,5
0.556,ru,2.0,3.0,602fa684fc65e0cb663c1970,5
0.794,ru,2.0,3.0,602fa684fc65e0cb663c1970,5
0.789,ru,2.0,3.0,602fa684fc65e0cb663c1970,5
0.42100000000000004,ko,1.0,3.0,602fa684fc65e0cb663c1970,5
0.539,ko,1.0,3.0,602fa684fc65e0cb663c1970,5
0.6809999999999999,ko,1.0,3.0,602fa684fc65e0cb663c1970,5
0.218,ge,3.0,3.0,602fa684fc65e0cb663c1970,5
0.414,ge,3.0,3.0,602fa684fc65e0cb663c1970,5
0.35,ge,3.0,3.0,602fa684fc65e0cb663c1970,5
0.737,su,1.0,3.0,602fa684fc65e0cb663c1970,5
0.9059999999999999,su,1.0,3.0,602fa684fc65e0cb663c1970,5
0.46,su,1.0,3.0,602fa684fc65e0cb663c1970,5
0.611,fu,3.0,3.0,602fa684fc65e0cb663c1970,5
0.245,fu,3.0,3.0,602fa684fc65e0cb663c1970,5
0.555,fu,3.0,3.0,602fa684fc65e0cb663c1970,5
0.728,fe,2.0,3.0,602fa684fc65e0cb663c1970,5
0.546,fe,2.0,3.0,602fa684fc65e0cb663c1970,5
0.436,pu,3.0,3.0,602fa684fc65e0cb663c1970,5
0.5579999999999999,pu,3.0,3.0,602fa684fc65e0cb663c1970,5
0.532,me,1.0,3.0,602fa684fc65e0cb663c1970,5
0.322,me,1.0,3.0,602fa684fc65e0cb663c1970,5
0.6629999999999999,me,1.0,3.0,602fa684fc65e0cb663c1970,5
0.623,me,1.0,3.0,602fa684fc65e0cb663c1970,5
0.8740000000000001,ta,2.0,3.0,602fa684fc65e0cb663c1970,5
0.312,ta,2.0,3.0,602fa684fc65e0cb663c1970,5
0.485,ni,1.0,3.0,602fa684fc65e0cb663c1970,5
0.733,ni,1.0,3.0,602fa684fc65e0cb663c1970,5
0.442,ni,1.0,3.0,602fa684fc65e0cb663c1970,5
0.735,ni,1.0,3.0,602fa684fc65e0cb663c1970,5
0.742,re,2.0,3.0,602fa684fc65e0cb663c1970,5
0.461,re,2.0,3.0,602fa684fc65e0cb663c1970,5
0.461,re,2.0,3.0,602fa684fc65e0cb663c1970,5
0.502,re,2.0,3.0,602fa684fc65e0cb663c1970,5
0.45,ti,3.0,3.0,602fa684fc65e0cb663c1970,5
0.43799999999999994,ti,3.0,3.0,602fa684fc65e0cb663c1970,5
0.81,ti,3.0,3.0,602fa684fc65e0cb663c1970,5
